Port_IDs,PnL,Win_Positions,Total_Positions,Win_Rate,ROI,Sharpe_Ratio,MDD,ROI_norm,Sharpe_Ratio_norm,Win_Rate_norm,MDD_norm,Composite_Score,Rank
3672754654734989568,566.59765978,210.0,474.0,0.4430379746835443,0.009073845984502745,4.7004393511868585,-80.77703672000018,0.04304900587594609,0.3751880417757334,0.5519948719288201,0.0037855864160292185,0.2366272059644737,97.0
3733192481840423936,2923.97719988,553.0,689.0,0.8026124818577649,0.0050346191244008765,1.8241816197312737,-2743.12,0.028250001215354387,0.3047297067271944,0.9999999987540688,0.12855532006464687,0.3256049761465078,17.0
3768170840939476993,243.66889897,6.0,14.0,0.42857142857142855,0.0,6.48074069840786,0.0,0.009804057358555609,0.418799247905854,0.533970549580124,4.6851411639181606e-14,0.23537510149535706,99.0
3784403294629753856,2521.81430468,1829.0,6050.0,0.3023140495867769,0.006833408347206974,9.873718303620393,-271.29198097000017,0.03484044315231908,0.5019154270666385,0.3766625314751696,0.012713999914216734,0.2389020673435645,93.0
3786761687746711808,205.02139999,37.0,82.0,0.45121951219512196,0.006883123081523415,2.3974489060252226,-123.46026665,0.03502258904566227,0.31877276625149675,0.5621885054522444,0.0057859204462729075,0.21973349176885115,115.0
3788465932399412480,13960.966456670001,1369.0,3069.0,0.44607363962202673,0.016541557740414596,5.649855337042922,-1772.2194397900003,0.07040936589219626,0.39844543936577215,0.5557771018384196,0.08305441880305586,0.2684227457056856,57.0
3818233536529843712,6419.607907139999,482.0,1421.0,0.3391977480647431,0.014534008561877176,4.744394594474257,-2036.5375697500006,0.06305406482133909,0.37626479273056396,0.4226170852177664,0.09544159172873323,0.23540739265487085,98.0
3819545518395756033,980.06319996,26.0,68.0,0.38235294117647056,0.0,3.6431991573432705,0.0,0.009804057358555609,0.3492893251934346,0.4763854903116792,4.6851411639181606e-14,0.20300511282794229,128.0
3826087012661391104,532.65697373,63.0,108.0,0.5833333333333334,0.27026317818067985,7.0647742082901654,-12.925980130000028,0.9999999963361788,0.433106042553925,0.7267932480396133,0.0006057713526529396,0.5754116155454844,1.0
3858510226868015873,-280.97295039,243.0,996.0,0.24397590361445784,0.0,-0.8351850338345426,-827.30973014,0.009804057358555609,0.2395844505685859,0.3039772104537453,0.038771569290018015,0.14336630832689512,147.0
3865845304835489536,1406.06618669,451.0,882.0,0.5113378684807256,0.0,7.4410208525440416,-78.66142699000001,0.009804057358555609,0.4423227799247838,0.6370918461921585,0.003686439136299513,0.2637937082506935,69.0
3878631538480067329,3921.2330411600005,1415.0,2811.0,0.5033795802205621,0.008173599314778313,5.8007724256695,-1039.8421924400013,0.03975066311819417,0.4021423844200042,0.6271763658948332,0.0487318257553182,0.2677495525914898,60.0
3879821005658659073,4268.00656095,289.0,872.0,0.33142201834862384,0.0443110310777003,3.997032316035483,-1961.0298660699996,0.17215174867341587,0.3579570099331475,0.41292906032132676,0.09190295068717269,0.2599990297836689,73.0
3880920727367689984,-176.82699999000002,49.0,145.0,0.33793103448275863,-0.0021901573896864293,-0.5747675265332549,-609.39066665,0.0017797124678154545,0.24596377596118688,0.42103884714018974,0.02855887172114213,0.16424259030096705,143.0
3886752488982104320,7195.178324640001,931.0,1249.0,0.745396317053643,0.017948772411648783,8.825613132979345,-38.20810000000006,0.07556514871879456,0.47624048685821674,0.9287125891683129,0.0017906086954594391,0.35164233024585784,9.0
3887577207880438784,2417.51403674,2893.0,6050.0,0.4781818181818182,0.0,6.659539579626021,-577.6136464800004,0.009804057358555609,0.4231792001408012,0.5957816859254597,0.02706965324048738,0.25446524508299645,79.0
3891020560590657281,2856.30056379,283.0,437.0,0.6475972540045767,0.037908962003235964,23.636994269474723,0.0,0.1486957128150986,0.8390679356065858,0.806861677130607,4.6851411639181606e-14,0.4577014299526361,2.0
3907081197088384000,18015.997370259996,2540.0,4137.0,0.6139714769156394,0.0,8.844536556464833,-2060.707122380003,0.009804057358555609,0.4767040450775044,0.7649662695620502,0.09657428901290888,0.3182605424458098,22.0
3910887259807777281,1803.3020100100002,17.0,75.0,0.22666666666666666,0.019927417297415366,1.8174033262314182,-663.3218999799999,0.08281454963146752,0.30456366205419894,0.28241109066682113,0.03108633933547067,0.1789129495061583,138.0
3910983669796782848,6761.648048249999,274.0,640.0,0.428125,0.014290866285612411,12.825745727790483,-201.72342223000032,0.062163235015474126,0.5742298566985727,0.5334143302576447,0.009453694737901586,0.2994915325133233,26.0
3911997667197443328,605.72231024,30.0,64.0,0.46875,0.012177789542152944,2.1026150657805265,-229.55157354000002,0.05442129982398158,0.3115503601115938,0.5840302886032607,0.010757850917165857,0.22874912588475793,105.0
3914654298562589441,343.47044905000075,200.0,483.0,0.4140786749482402,0.0,0.18145797848458659,-3893.0689187699995,0.009804057358555609,0.2644886770582221,0.5159135744735498,0.18244725746090307,0.22195998671192388,110.0
3919174299855478272,1456.3718076200003,609.0,1267.0,0.48066298342541436,0.0,0.2972276770746266,-9684.34458371,0.009804057358555609,0.26732463300282294,0.5988730473191446,0.4538532829678773,0.29368387316581795,34.0
3923766029921022977,772.7290318900001,359.0,1259.0,0.2851469420174742,0.003129362135268577,4.080050394860437,-205.53265760000016,0.0212694804279969,0.3599906648274794,0.3552734951270457,0.009632213166622106,0.18735918523537642,135.0
3925368433214965504,6789.436738630001,486.0,1458.0,0.3333333333333333,0.007377665963139569,9.05428913889203,-162.05753631999778,0.03683450569787907,0.48184225559609806,0.41531042745120755,0.007594767436578165,0.24018406736575026,90.0
3926423286576838657,1309.4599595900002,163.0,478.0,0.3410041841004184,0.002712847277210551,2.672372460463962,-1119.0932,0.019743444496098047,0.32550743946924665,0.4248677803841851,0.05244589537032507,0.19903800034050548,130.0
3930688517098515713,1947.24457347,140.0,288.0,0.4861111111111111,0.006032506822838831,1.845092147903862,-1193.9074265099998,0.031906083235852235,0.30524194211692096,0.605661040033011,0.055952036856799725,0.23346702298379413,101.0
3931992636670880512,10374.96528998,2430.0,6050.0,0.40165289256198344,0.0,6.224599883122712,-1651.1316999599999,0.009804057358555609,0.41252468662937414,0.5004319034907939,0.07737968596244182,0.24226094108702606,87.0
3932103299427844097,3860.3097053499996,778.0,2589.0,0.3005021243723445,0.004360949029165884,4.783130171925804,-669.4568359399998,0.02578179449550888,0.3772136799824023,0.37440499716922304,0.0313738508755832,0.2020544119523346,129.0
3935808725185052672,2301.9641228599994,602.0,1715.0,0.3510204081632653,0.002372417345354819,3.2334998015056082,-1394.9714398600001,0.01849617012339524,0.33925311245523465,0.4373473072751492,0.06537482863757582,0.20786921195613395,122.0
3936410995029308417,10681.514000000001,6.0,20.0,0.3,0.026286487018580044,3.31992328915997,0.0,0.10611304355120993,0.34137018805058916,0.3737793847060868,4.6851411639181606e-14,0.20900084642176647,121.0
3937714876784951296,1117.5308932100006,201.0,511.0,0.3933463796477495,0.0018695902269190868,0.5254278383382004,-3858.82450985,0.01665390150939255,0.2729147451977766,0.49008255920367544,0.18084240570482468,0.22105558699385075,112.0
3939318616482048768,9775.389109840002,118.0,315.0,0.3746031746031746,0.0,4.936510029232065,-87.00335997999991,0.009804057358555609,0.38097095432454287,0.46672981370707134,0.00407738078868336,0.21139394240408046,119.0
3939925275039085824,2378.8786707,2148.0,5928.0,0.3623481781376518,0.013226646196973562,15.086500988351833,-78.62181990000008,0.058264122983112454,0.6296105167379522,0.4514609302455434,0.0036845829644471806,0.29739149455831754,29.0
3941019213896463617,4234.087790029999,55.0,112.0,0.49107142857142855,0.009962171332877003,1.1686154079001527,-4944.99999998,0.04630367104480983,0.2886706090689594,0.6118412547272254,0.23174562458696824,0.26920965989696954,56.0
3942630767220672256,6611.89848042,1903.0,4969.0,0.3829744415375327,0.0,1.686138412883548,-6083.72668798,0.009804057358555609,0.3013481271097344,0.4771598370535206,0.2851116362240612,0.24579994999600338,85.0
3943533600390906881,2361.4245720499994,964.0,1759.0,0.5480386583285958,0.0,15.068252307321986,-32.30352141000003,0.009804057358555609,0.629163487367763,0.6828185083507062,0.001513892769621883,0.3285567436419612,15.0
3944088772635000577,7581.491983399999,2774.0,6063.0,0.4575292759360053,0.0,12.481141592887468,-97.2037250300009,0.009804057358555609,0.5657882510209685,0.5700500374812716,0.0045554171829274015,0.28759878344669704,37.0
3944239644144231424,-1187.8909756799994,227.0,858.0,0.26456876456876455,-0.0025190441514417556,-0.6051917345491203,-5867.434541539999,0.0005747302054670509,0.24521848842366034,0.3296345001098745,0.2749751835303934,0.1946599023167918,131.0
3944658614777849089,2074.4499799600003,20.0,45.0,0.4444444444444444,0.03012952634715306,5.5763496541686015,0.0,0.12019325219117599,0.39664480516832507,0.5537472366016101,4.6851411639181606e-14,0.2658008645281817,66.0
3946087913459823360,-40.667241669999996,1930.0,6085.0,0.3171733771569433,0.0,-0.9551971518338218,-453.51285960000007,0.009804057358555609,0.2366445700678219,0.3951762325295796,0.021253715046887667,0.15722057774320672,146.0
3949214983441029120,1317.5775589599998,1675.0,4530.0,0.369757174392936,0.006638729215522995,5.1713394357630715,-131.15652971999998,0.03412717363889579,0.3867234600279306,0.46069203045084284,0.006146603012936125,0.2196229167928037,116.0
3949329502284748801,425.96505789,72.0,384.0,0.1875,0.0,4.27410598465656,-44.74980000999997,0.009804057358555609,0.36474435348839707,0.23361211544130425,0.0020971830846776562,0.15950638295928218,145.0
3951723256343550465,5260.022863890001,1215.0,3447.0,0.3524804177545692,0.004035384756823448,5.357217071259139,-1073.1449283800025,0.024588985240027658,0.3912768171824664,0.439166378897491,0.05029254635004021,0.22265152577625444,109.0
3952087967771302912,1032.60525986,58.0,172.0,0.3372093023255814,0.0,3.802036786526014,0.0,0.009804057358555609,0.3531802960104377,0.42013961846808207,4.6851411639181606e-14,0.1929232297043238,132.0
3953433416230728705,4924.761779980001,110.0,527.0,0.20872865275142316,0.008208147573717945,5.65136644673508,-675.6869999,0.03987724175880314,0.39848245631033197,0.2600615579865247,0.031665825241244505,0.18985338606629437,134.0
3953764659057081857,6048.86608919,180.0,583.0,0.30874785591766724,0.00769849070516721,4.238174147560591,-957.0232210199965,0.038009950162115086,0.3638641481475022,0.38467861204743065,0.04485054481306283,0.2064680608649839,125.0
3956048468100538880,1373.56489,20.0,28.0,0.7142857142857143,0.026885244371068807,3.905947988259577,0.0,0.10830678338235704,0.35572575992591743,0.8899509159668734,4.6851411639181606e-14,0.3171999461858664,23.0
3956076827719377409,16790.01223802,2019.0,3916.0,0.5155771195097038,0.020529904789269863,6.01468596952206,-635.0500145299998,0.08502195602598679,0.4073825240567802,0.6423736616629122,0.02976138771729331,0.28214835390087123,45.0
3957509601040585217,3174.1803667200006,300.0,1113.0,0.2695417789757412,0.00647024768566722,3.905991946580467,-3268.44,0.033509887452227785,0.35572683675226285,0.335830534327122,0.15317425060225942,0.2145719742472235,117.0
3960874214179953664,19567.47128569,1233.0,2391.0,0.5156838143036386,0.004588459999918783,8.817464625783964,-2233.99999999,0.026615353994175653,0.4760408767037307,0.6425065960443399,0.10469559662835004,0.3002373077439099,25.0
3962024093501274881,9314.494060179999,337.0,1273.0,0.26472898664571876,0.0028724375173676386,5.1905314476533855,-1828.4947021299995,0.020328154587823406,0.3871935977312507,0.3298341258076754,0.08569173848350642,0.2053616985539586,127.0
3966142151544441601,4883.80077594,1028.0,1932.0,0.5320910973084886,0.006030286761496565,2.9929136029484558,-1661.4546297300017,0.03189794932822859,0.33335958532078847,0.6629489431985114,0.07786346630766439,0.25773974229594027,74.0
3975304792994095360,2536.0810463,1040.0,2438.0,0.4265791632485644,0.0,11.606509740761558,-91.88800600000013,0.009804057358555609,0.5443628052386724,0.5314883238916192,0.0043062979459727035,0.27340898314668677,53.0
3975392755164484097,2330.27031414,512.0,1829.0,0.2799343903772553,0.003076161104474416,6.712018511157714,-451.2251471999999,0.02107456136800352,0.4244647518841,0.34877901397761335,0.021146502238188924,0.2076468972187915,123.0
3976088733682659585,5901.15009982,1226.0,2814.0,0.43567874911158494,0.015678297016249745,6.828013510324662,-1074.721004,0.06724653302276462,0.42730622691113934,0.5428257825748193,0.05036640856014207,0.26700426620716344,61.0
3977078013600312321,4622.351437599999,1638.0,5018.0,0.32642487046632124,0.00365669434286628,9.865739869068316,-753.4702992500004,0.023201531305109976,0.5017199831018349,0.4067029574522188,0.03531111124536379,0.2458792680616,84.0
3977116548751698176,603.98050076,456.0,1624.0,0.28078817733990147,0.0,1.750636305147526,-905.2161011399996,0.009804057358555609,0.30292810169037127,0.34984277386283985,0.04242262300220567,0.17227272708768715,139.0
3977234346014419201,2427.2928308600003,33.0,83.0,0.39759036144578314,0.0809044873020237,5.200491181810443,0.0,0.3062236262795335,0.38743757666212253,0.49537026888758495,4.6851411639181606e-14,0.30717241466002315,24.0
3978449781300392193,5888.6560088,344.0,784.0,0.4387755102040816,0.005004652221890548,5.870264448855921,-1201.615229999999,0.02814020784516902,0.40384469788076344,0.5466841340939365,0.05631326026104455,0.25019495058877594,82.0
3981810242465907713,2836.47282999,12.0,105.0,0.11428571428571428,0.02208647364204316,4.836855707080261,-181.88830446,0.09072494585660576,0.3785297691892826,0.14239214655469973,0.008524129165326855,0.1709596696577718,140.0
3983074113875692800,2424.8295199599997,14.0,43.0,0.32558139534883723,0.05388525807589718,4.019437883485063,0.0,0.20723000371460593,0.3585058685980197,0.4056520454174586,4.6851411639181606e-14,0.2508511707772888,81.0
3986814617275053313,16337.46188064,2780.0,3554.0,0.7822172200337648,0.0,15.084787929222,-2.3819474699994316,0.009804057358555609,0.6295685527328466,0.9745889040357545,0.0001116291009913839,0.38675188965476986,6.0
3987739404272887297,12464.6063154,1381.0,6050.0,0.22826446280991736,0.01097972974419397,5.3168525322983164,-3386.656093979994,0.05003182303851198,0.39028802602544366,0.28440183486452114,0.1587144048056428,0.22071920265321945,113.0
3988071780777702657,3424.4699222,890.0,2385.0,0.3731656184486373,0.0,4.102452669201616,-135.64724225000055,0.009804057358555609,0.36053944282262146,0.4649387175239934,0.0063570586206428414,0.20536220528328036,126.0
3988187872032603905,2599.7616706199997,1711.0,5238.0,0.3266513936617029,0.00702522921311856,5.250665345079311,-1194.0331292399999,0.035543240491251585,0.3886666695795326,0.40698518978752357,0.05595792786947451,0.21985159655263486,114.0
3988205565930333696,3283.93800993,141.0,371.0,0.38005390835579517,0.006678486696524218,3.084103402447476,-2247.3695699599994,0.03427283793728967,0.33559341901929346,0.47352105340124206,0.10532215665730227,0.2267285190986838,107.0
3991414786174551297,1787.9877156900002,93.0,311.0,0.2990353697749196,0.012611701406378972,1.9362065452836748,-372.9699,0.056011075274426336,0.30747392872511814,0.3725775217327553,0.01747909856990959,0.18705682526039633,136.0
3993014919980212480,3078.6630103899997,331.0,695.0,0.4762589928057554,0.009226812644379846,9.680554465731676,-60.840000000000146,0.043609448354381,0.4971835832334584,0.5933859776389195,0.002851244448970114,0.28148535389392976,47.0
3993222640082269952,1884.46844302,1434.0,3087.0,0.4645286686103013,0.004725030145820496,7.863459867793738,-314.1775242199999,0.027115722578485914,0.45267107011746244,0.5787707997716537,0.014723815284542474,0.26263496082002374,70.0
3994879592543698688,3658.7650624,361.0,653.0,0.552833078101072,0.016626314494401138,6.629484556222957,-175.48129108000091,0.07071989947713876,0.42244295634537715,0.688792025925969,0.008223866815985859,0.2873520352951458,38.0
3995532094997544704,-12346.682218599999,1295.0,6051.0,0.21401421252685507,0.0,-4.102910252539245,-14186.535463309989,0.009804057358555609,0.15953652030555637,0.26664700225548527,0.6648468193494061,0.2371009376202119,95.0
3996598927198996481,3509.04461888,980.0,2661.0,0.368282600526118,0.02134207501832892,5.3184550777380935,-160.68430589999957,0.08799760246064525,0.39032728282857765,0.45885481274203316,0.007530411492920885,0.2367745104337577,96.0
3998572645139652353,9603.58535988,95.0,266.0,0.35714285714285715,0.009334944510741634,10.169796336684827,-214.71515507000004,0.044005624169622594,0.5091683116138134,0.4449754579834367,0.010062547567322166,0.25695978184518253,77.0
3998659472131949824,1449.32593976,72.0,147.0,0.4897959183673469,0.006149103292757451,11.359121012926648,0.0,0.03233327184434021,0.5383026397387598,0.6102520566629989,4.6851411639181606e-14,0.2932411848075392,35.0
3999240873283311617,42574.473678790004,2366.0,4522.0,0.5232198142414861,0.0,9.311973805952633,-300.81384848999915,0.009804057358555609,0.4881546358845777,0.651895934110719,0.014097531487001769,0.28258630109248417,44.0
3999845462424248576,5843.152606810001,1443.0,3318.0,0.4349005424954792,0.0,17.160563147849665,-325.7692295799984,0.009804057358555609,0.6804178435457068,0.5418561906076786,0.01526705633584502,0.31849121965998345,21.0
4000222729738650369,1803.62013328,537.0,958.0,0.5605427974947808,0.014154285889776944,15.824488536591591,-151.8992973999999,0.06166282887724015,0.6476886511717578,0.6983978064967592,0.007118705268079228,0.3539087463676671,8.0
4000877324693233921,-836.1005588599955,2714.0,6050.0,0.44859504132231404,-0.0001656777400394658,-0.9663463219762451,-14682.679015479995,0.009197043756220205,0.23637145408213783,0.5589185950921871,0.6880984062822428,0.3230739496263934,19.0
4002413037164645377,3686.9697606,107.0,576.0,0.1857638888888889,0.0,7.690731211985195,-38.33630992999997,0.009804057358555609,0.4484398173439903,0.23144904029832922,0.001796617207149298,0.18412229391185947,137.0
4004410127575640832,2905.76386668,175.0,507.0,0.34516765285996054,0.012082443058399613,7.33968101905567,-486.26961987,0.054071967363511414,0.439840305609774,0.43005517635480073,0.022788848690617924,0.23874248690106936,94.0
4004713168329653760,1667.19861,2.0,27.0,0.07407407407407407,0.062221093097200995,6.24148960106119,0.0,0.2377710120815109,0.41293842611884,0.09229120610026834,4.6851411639181606e-14,0.2136710726801683,118.0
4006366295148391425,3018.5418056999997,117.0,681.0,0.17180616740088106,0.0,5.334591798640411,-688.05580089,0.009804057358555609,0.39072257650323206,0.2140586784660409,0.032245484596316376,0.16941882277100773,141.0
4008537296438699777,2330.84564531,249.0,535.0,0.4654205607476635,0.012631880267827755,6.623178550564906,-543.7563162,0.05608500701309042,0.422288481085871,0.5798820360860786,0.02548294178394217,0.26458504200369254,68.0
4008711265867865600,11298.706389769999,166.0,394.0,0.4213197969543147,0.0061630129011014875,13.854461282067467,-509.5499999999993,0.03238423416110031,0.5994298185796697,0.5249355149002572,0.02387987522931756,0.29930729384814597,27.0
4008804082027254529,3332.7334588699996,527.0,975.0,0.5405128205128205,0.0,1.7560111617127367,-4879.948659969999,0.009804057358555609,0.3030597670277879,0.6734418315901118,0.22869701722177227,0.2742869170782799,52.0
4011626972687000576,5483.14982082,2326.0,6056.0,0.38408190224570676,0.0,10.830181689144867,-1133.2432568999998,0.009804057358555609,0.5253454614971201,0.4785396569938122,0.05310903263508637,0.26687459358248244,62.0
4012994295026226176,2500.33664614,251.0,627.0,0.4003189792663477,0.030485573930271688,4.310694069741024,-216.8208998599997,0.12149774684435129,0.3656406346281129,0.49876993918781387,0.010161232530230269,0.2479277487853481,83.0
4013955990069013504,1690.02704985,236.0,358.0,0.659217877094972,0.014172400556681373,2.936973238700221,-347.85864704999995,0.06172919777634599,0.33198924048561096,0.8213401749593714,0.01630226884309849,0.2856440202390811,41.0
4013978721149559808,3778.8782239800003,61.0,294.0,0.20748299319727892,0.0,7.887629835877763,0.0,0.009804057358555609,0.4532631504761704,0.2585095517808537,4.6851411639181606e-14,0.19062207270659792,133.0
4014818740371615232,2013.6475100900002,111.0,529.0,0.20982986767485823,0.004571926668284599,11.182044737582782,-94.40199994,0.02655477882462372,0.5339648853710345,0.2614335961082271,0.004424115356657321,0.22132744155167433,111.0
4016164457907769600,3742.6873197200002,310.0,712.0,0.4353932584269663,0.0025089468267820414,9.771291216406105,-647.83756662,0.01899638972034521,0.49940631880764463,0.5424700808000323,0.030360671690204732,0.27008696305644436,55.0
4017110277719148289,2899.93302141,143.0,252.0,0.5674603174603174,0.009422089390865395,14.930999015176482,0.0,0.04432490742153326,0.6258012579198445,0.7070165610181272,4.6851411639181606e-14,0.34244116180604817,13.0
4017263283405469185,7141.36641939,2034.0,6050.0,0.336198347107438,0.002281440378799093,3.902057990477911,-4788.433923359992,0.018162846792298473,0.3556304684768789,0.4188800377367386,0.22440821240990583,0.24079564461008213,88.0
4017323550554338817,3134.7351025000003,273.0,545.0,0.5009174311926605,0.0,8.070094879868263,0.0,0.009804057358555609,0.45773291097903834,0.6241086973991541,4.6851411639181606e-14,0.2650828299811184,67.0
4019895412775450368,2640.30025492,242.0,571.0,0.4238178633975482,0.02092662067559102,4.619910683354827,0.0,0.08647545206716967,0.37321536881354705,0.5280479340272797,4.6851411639181606e-14,0.24351683306968036,86.0
4020204877254599680,71998.85595307,1993.0,6050.0,0.3294214876033058,0.006290503189197149,4.686557858358432,-21338.051187779958,0.032851335770654445,0.37484799336422187,0.41043653648442485,1.0,0.40439710603734785,4.0
4021243448368889856,1498.1937578999998,2290.0,6050.0,0.3785123966942149,0.001712312925088602,28.50397177191148,-490.49299994,0.0160776656099472,0.958291998106315,0.4716004357999663,0.02298677585991915,0.39122834144685575,5.0
4021669203289716224,26427.33159178,528.0,1682.0,0.31391200951248516,0.00805757079005522,10.333151220951224,-2537.8666286099924,0.03932555535930604,0.5131699395074418,0.3911127925580932,0.11893619554461832,0.26775844608056665,59.0
4022565861939831809,14197.577075890002,372.0,705.0,0.5276595744680851,0.004444177056832332,9.993999735666456,-385.0755536900001,0.026086727100679896,0.5048619048271453,0.6574275702631881,0.018046425622575635,0.29437938875550035,33.0
4022641794255717633,2176.83382376,2634.0,6052.0,0.43522802379378717,0.038017849075666674,13.177561407545667,-115.99559387999989,0.14909465557028212,0.582848120204109,0.5422642098016263,0.005436091274700128,0.3291228929475826,14.0
4023616625178799873,2087.7711930100004,339.0,827.0,0.40991535671100365,0.01529576528883691,13.322017063766621,-3.088799999999992,0.06584500520249657,0.5863867825827831,0.5107263660433835,0.00014475548745385147,0.2978437606417514,28.0
4023697433751327232,2408.2239999800004,4.0,42.0,0.09523809523809523,0.061753205733844706,9.268633502665514,0.0,0.2360567564799409,0.48709294882617776,0.11866012212891644,4.6851411639181606e-14,0.24067693601762827,89.0
4023697881318718465,3151.95061998,6.0,70.0,0.08571428571428572,0.0649950115068769,11.42354698898395,0.0,0.24793415292373133,0.5398808526218514,0.10679410991602481,4.6851411639181606e-14,0.25770332364688914,75.0
4026179081117855488,6796.18836,46.0,197.0,0.233502538071066,0.007838987222332124,6.3086107755975585,-1824.6434998900004,0.038524704268366995,0.41458266201349386,0.29092811669170887,0.08551125329270304,0.21122008388144065,120.0
4027747397961573889,2638.2194499600005,207.0,460.0,0.45,0.0035905738640522426,7.604172790429204,-483.90628998,0.02295927769865995,0.44631943633620824,0.5606690770591303,0.022678092095781754,0.25745304804144287,76.0
4028427053699127040,2633.02381341,36.0,121.0,0.2975206611570248,0.015632439513414354,7.753956372545413,-6.623939780000001,0.06707851933556931,0.44998861441371435,0.37069029888206956,0.0003104285261437134,0.22932028560642775,104.0
4028701921959171840,17601.40139824,373.0,687.0,0.5429403202328966,0.007940795629317786,8.989789349807957,-585.6775999300007,0.03889771205962293,0.48026223454995015,0.6764663294292594,0.027447567482937862,0.29653076336531137,31.0
4029299190618134272,3354.1458763700007,72.0,230.0,0.3130434782608696,0.012426518525233373,7.814730470745078,-0.53788037,0.055332598324244246,0.45147736895973267,0.3900306623020037,2.5207567751484028e-05,0.2300541641591441,103.0
4029422834086627072,2799.9025498399997,38.0,102.0,0.37254901960784315,0.025892171509739173,11.366341658687658,0.0,0.10466834206372466,0.5384795205073822,0.4641704777395849,4.6851411639181606e-14,0.28577845431925847,40.0
4029506971304830209,2413.6540000200002,3.0,52.0,0.057692307692307696,0.06037649763520986,12.727852024050305,-1.2715041199999177,0.23101274427819557,0.5718318006058117,0.07188065090501669,5.958857769206016e-05,0.25524141136174394,78.0
4029507714735307777,1537.89995998,2.0,53.0,0.03773584905660377,0.06831702168912371,13.707341197219806,0.0,0.2601054039755635,0.5958258869440579,0.04701627480579708,4.6851411639181606e-14,0.26618264223705523,65.0
4029749871687083265,3662.13654822,367.0,856.0,0.4287383177570093,0.062097332710294564,12.8220201444717,0.0,0.2373175761626929,0.5741385928334277,0.5341784820371256,4.6851411639181606e-14,0.3502725471062707,12.0
4030392204221219329,1347.75800996,8.0,85.0,0.09411764705882353,0.0,8.573213952107377,0.0,0.009804057358555609,0.47005758264300435,0.11726412069210566,4.6851411639181606e-14,0.16741131613889848,142.0
4030395639953224449,4413.76154738,86.0,492.0,0.17479674796747968,0.00877818807418369,14.28343811602846,-57.609999730000254,0.04196576818113581,0.6099382626473678,0.21778473634636494,0.0026998716623189978,0.2396681308502879,91.0
4030555430101054209,3358.38032001,32.0,121.0,0.2644628099173554,0.011639113253760054,13.659838070789576,0.0,0.05244768626411444,0.5946622251618502,0.32950248789517295,4.6851411639181606e-14,0.2600334710068333,72.0
4030565764341697025,2789.8782899599996,51.0,105.0,0.4857142857142857,0.01680095297592012,10.362443725812023,-4.030795650000002,0.07135974363331793,0.5138875042441904,0.6051666228574739,0.00018890177062225177,0.2966452792888717,30.0
4030626027667524352,3796.34803991,116.0,233.0,0.4978540772532189,0.0031501035202458495,14.805539587237174,-670.8059999999987,0.021345473152242656,0.6227279372253627,0.6202919688970826,0.031437078958041265,0.3235678326843064,18.0
4030635536196756737,2581.61417484,679.0,1294.0,0.5247295208655333,0.0,18.851595271524303,-47.186786249999955,0.009804057358555609,0.7218422634245933,0.6537769248207959,0.002211391557539355,0.3506915595106117,11.0
4030708912786799105,1612.84376999,2.0,60.0,0.03333333333333333,0.06203468052431715,10.246927665765602,0.0,0.2370880297607726,0.511057761563892,0.041531042745120754,4.6851411639181606e-14,0.2327499459464329,102.0
4031173908980084736,5360.425729910001,85.0,225.0,0.37777777777777777,0.011481721180785661,11.83340120837362,-80.89999999999964,0.05187102986372858,0.5499208589797657,0.47068515111136855,0.003791349045377146,0.2754328666843975,51.0
4031181049693676544,4545.2423384,73.0,302.0,0.24172185430463577,0.014486393386784747,9.644358713085063,-22.344964960000084,0.06287961133741421,0.49629691287724575,0.3011688199066704,0.0010471886473774061,0.22819615897520754,106.0
4031408429897920512,1351.26659997,4.0,82.0,0.04878048780487805,0.0,9.295130474212066,0.0,0.009804057358555609,0.4877420326960206,0.060777135724566965,4.6851411639181606e-14,0.16141925416129563,144.0
4031414524297538817,2726.7956177399997,90.0,244.0,0.36885245901639346,0.02636686645749033,10.892780066488118,-17.582599899999998,0.10640753943674656,0.5268789045526956,0.45956481726158216,0.0008240021427575739,0.28206369707770057,46.0
4031451549482615297,3124.54121527,44.0,114.0,0.38596491228070173,0.018843892716443024,12.020541459416096,-3.9002427300000004,0.07884470939246917,0.554505145834458,0.4808857581013982,0.00018278345555911013,0.28621866487946956,39.0
4031493134338259457,9082.698287860003,683.0,1889.0,0.36156696664902066,0.0023175965582710963,9.75856721279452,-3682.1097992,0.018295316566106095,0.49909462486595807,0.4504875944137238,0.17256073512981007,0.27982664833832605,48.0
4031673021422897664,1984.7171999900002,72.0,229.0,0.314410480349345,0.009776241188073059,14.529712615585636,-64.52999999999997,0.04562245625425739,0.6159711334203667,0.3917338529670779,0.0030241749554875685,0.27742968248690036,50.0
4032403303704824321,2060.57051952,123.0,223.0,0.5515695067264574,0.0,5.3708494037665995,-1104.51520996,0.009804057358555609,0.3916107620305929,0.6872177028228502,0.051762703174762836,0.26822052701626714,58.0
4033614723417828608,4602.2398164900005,115.0,516.0,0.22286821705426357,0.0,8.734022318824238,-647.2944777400007,0.009804057358555609,0.47399682969198526,0.2776784834702841,0.030335220027575382,0.20674300681473418,124.0
4033639786957934336,2848.14185731,25.0,149.0,0.16778523489932887,0.014035131578168169,17.429424655300785,0.0,0.061226268794357504,0.6870040176449449,0.20904887287812463,4.6851411639181606e-14,0.26627886050742505,64.0
4034359562055356161,5284.65441593,391.0,799.0,0.48936170212765956,0.0,8.306502022252376,-1659.353950150005,0.009804057358555609,0.46352406573676525,0.6097110530666664,0.0777650187239789,0.2794936512867253,49.0
4034786679304751616,2521.07586938,123.0,321.0,0.38317757009345793,0.0,11.490436734617266,0.0,0.009804057358555609,0.5415194193113387,0.4774129212756872,4.6851411639181606e-14,0.26087962725611513,71.0
4035034554469394176,2517.3207997300005,66.0,395.0,0.1670886075949367,0.0,16.966305532969766,-632.4248999399999,0.009804057358555609,0.6756592059711765,0.20818092312744074,0.029638362677804175,0.2532028361599686,80.0
4035430878731345664,2493.75041995,43.0,89.0,0.48314606741573035,0.03795590618806442,10.645522434521093,0.0,0.14886770791072604,0.5208219504467002,0.6019667993393908,4.6851411639181606e-14,0.3213002573751154,20.0
4036548677626662656,3296.87667987,68.0,147.0,0.46258503401360546,0.01117818540735508,10.350167303198342,0.0,0.050758929087704775,0.5135867744840398,0.5763491646261656,4.6851411639181606e-14,0.2845735439967659,43.0
4037073643537925121,1540.4004996200001,83.0,446.0,0.1860986547085202,0.03953170334474306,7.0992957397195395,0.0,0.15464114680720983,0.4339517002991399,0.2318661355052706,4.6851411639181606e-14,0.22295108123296842,108.0
4037121179310444801,7237.92173826,772.0,1595.0,0.48401253918495296,0.0025953889207596553,21.44497339852848,-1198.3317800000032,0.019313098089533895,0.7853710296341295,0.6030463636219415,0.0561593825722575,0.3732463875559388,7.0
4037179073830813185,2331.43490998,31.0,73.0,0.4246575342465753,0.013687130909749639,12.07358532525,0.0,0.05995125659717555,0.5558045365080828,0.529094106204963,4.6851411639181606e-14,0.2905455591725795,36.0
4037282461943784704,4760.365619499999,136.0,504.0,0.2698412698412698,0.005045449679285892,24.775214179081626,-1680.7088622099998,0.028289682431035374,0.8669503742604457,0.33620367936526324,0.0787658089026162,0.35156591466102016,10.0
4037511388357114368,3552.34051692,413.0,953.0,0.4333683105981112,0.007701533587250776,9.509156960834545,-635.45101241,0.03802109873774502,0.4929849390387971,0.5399471349549277,0.029780180336941298,0.27324727439133645,54.0
4037717032428033792,1897.3229995000002,102.0,317.0,0.3217665615141956,0.0,10.665201009869676,0.0,0.009804057358555609,0.5213040072665828,0.4008990246058975,4.6851411639181606e-14,0.23951222430873037,92.0
4037785885739608577,1934.5792352600001,59.0,254.0,0.23228346456692914,0.0,17.366324267602838,0.0,0.009804057358555609,0.6854582770774386,0.2894092348774163,4.6851411639181606e-14,0.26646054730629093,63.0
4038768306117031680,1741.9142598800001,22.0,100.0,0.22,0.03277228867762855,8.489276634020246,0.0,0.12987586062098738,0.46800140957611236,0.274104882117797,4.6851411639181606e-14,0.2341841574826987,100.0
4039129759104249600,1264.28919972,59.0,133.0,0.44360902255639095,0.0,18.330299385719048,0.0,0.009804057358555609,0.7090723228939498,0.5527063583373213,4.6851411639181606e-14,0.3262041857432253,16.0
4039279455324236544,1038.8074192600002,181.0,327.0,0.5535168195718655,0.01588587736302084,7.937253933193772,0.0,0.06800707028044051,0.4544787686862267,0.6896439208134731,4.6851411639181606e-14,0.29467453585270414,32.0
4040382575336130560,0.0,0.0,76.0,0.0,0.0,0.0,0.0,0.009804057358555609,0.2600435861661666,0.0,4.6851411639181606e-14,0.08095429305742602,148.0
4040843843196854529,2151.70406,19.0,59.0,0.3220338983050847,0.018938068935710022,14.09573095203182,0.0,0.07918975421320351,0.6053400883922417,0.4012321078765903,4.6851411639181606e-14,0.28560537435696104,42.0
4041804592937345281,-776.34299969,85.0,368.0,0.23097826086956522,-0.002675910490528479,-10.615527243307785,-1026.62085938,0.0,0.0,0.28778304076102695,0.04811221279518185,0.06717905071124176,149.0
4041860229502600193,2327.33599982,38.0,97.0,0.3917525773195876,0.026867613401699516,30.20658031009471,0.0,0.10824218666449399,0.9999999999755036,0.48809679102513054,4.6851411639181606e-14,0.43009201419703474,3.0
